{
  "files": [
    {
      "filepath": "/Users/mikael/GitHub/lirbank/pimdb/src/pimdb.bench.ts",
      "groups": [
        {
          "fullName": "src/pimdb.bench.ts > sort",
          "benchmarks": [
            {
              "id": "-1788356636_0_0",
              "name": "normal",
              "rank": 1,
              "rme": 0.8198874784536802,
              "samples": [],
              "totalTime": 500.0000029999865,
              "min": 0.00008299999990413198,
              "max": 0.7558330000000524,
              "hz": 5951545.964290884,
              "period": 0.00016802357001020795,
              "mean": 0.00016802357001020795,
              "variance": 0.0000014700651420497997,
              "sd": 0.0012124624291291668,
              "sem": 7.028592915125245e-7,
              "df": 2975772,
              "critical": 1.96,
              "moe": 0.000001377604211364548,
              "p75": 0.00016700000003311288,
              "p99": 0.00024999999993724487,
              "p995": 0.00037500000001955414,
              "p999": 0.0009590000000230248,
              "sampleCount": 2975773,
              "median": 0.00016600000003563764
            },
            {
              "id": "-1788356636_0_1",
              "name": "reverse",
              "rank": 2,
              "rme": 2.199899508749327,
              "samples": [],
              "totalTime": 500.000047000289,
              "min": 0.00004099999978279811,
              "max": 2.99679100000003,
              "hz": 5075625.522888267,
              "period": 0.00019702005112287192,
              "mean": 0.00019702005112287192,
              "variance": 0.000012410063832400465,
              "sd": 0.003522792050689405,
              "sem": 0.000002211348539178435,
              "df": 2537812,
              "critical": 1.96,
              "moe": 0.000004334243136789733,
              "p75": 0.00016700000014679972,
              "p99": 0.0004169999997429841,
              "p995": 0.0005409999998846615,
              "p999": 0.0033329999996567494,
              "sampleCount": 2537813,
              "median": 0.00016699999969205237
            }
          ]
        }
      ]
    },
    {
      "filepath": "/Users/mikael/GitHub/lirbank/pimdb/src/indexes/sorted.bench.ts",
      "groups": [
        {
          "fullName": "src/indexes/sorted.bench.ts > find",
          "benchmarks": [
            {
              "id": "1312616660_0_0",
              "name": "100000 docs - Nostromo",
              "rank": 6,
              "rme": 0.5308105101000868,
              "samples": [],
              "totalTime": 500.00015900050494,
              "min": 0.00008299999990413198,
              "max": 0.2612920000001395,
              "hz": 5159204.359367804,
              "period": 0.00019382833676364345,
              "mean": 0.00019382833676364345,
              "variance": 7.108112545425006e-7,
              "sd": 0.0008430962308909348,
              "sem": 5.249291750477601e-7,
              "df": 2579602,
              "critical": 1.96,
              "moe": 0.0000010288611830936098,
              "p75": 0.00020799999992959783,
              "p99": 0.0002090000002681336,
              "p995": 0.0002500000000509317,
              "p999": 0.00045799999998052954,
              "sampleCount": 2579603,
              "median": 0.00016700000014679972
            },
            {
              "id": "1312616660_0_1",
              "name": "10000 docs - Nostromo",
              "rank": 4,
              "rme": 0.8775331644628893,
              "samples": [],
              "totalTime": 500.00006400080565,
              "min": 0.000041000000237545464,
              "max": 0.3897079999997004,
              "hz": 6445149.175010521,
              "period": 0.00015515544680909076,
              "mean": 0.00015515544680909076,
              "variance": 0.0000015550774396003602,
              "sd": 0.0012470274413982879,
              "sem": 6.946635215409945e-7,
              "df": 3222574,
              "critical": 1.96,
              "moe": 0.000001361540502220349,
              "p75": 0.00016700000014679972,
              "p99": 0.00016700000014679972,
              "p995": 0.00020800000038434519,
              "p999": 0.0004170000001977314,
              "sampleCount": 3222575,
              "median": 0.0001250000004802132
            },
            {
              "id": "1312616660_0_2",
              "name": "1000 docs - Nostromo",
              "rank": 2,
              "rme": 0.8225637170953173,
              "samples": [],
              "totalTime": 500.0000599991963,
              "min": 0,
              "max": 1.4575840000006792,
              "hz": 8380590.994342552,
              "period": 0.00011932332703923453,
              "mean": 0.00011932332703923453,
              "variance": 0.000001050805569486628,
              "sd": 0.0010250880788920667,
              "sem": 5.007706093141476e-7,
              "df": 4190295,
              "critical": 1.96,
              "moe": 9.815103942557293e-7,
              "p75": 0.0001250000004802132,
              "p99": 0.0001250000004802132,
              "p995": 0.0001250000004802132,
              "p999": 0.0002919999997175182,
              "sampleCount": 4190296,
              "median": 0.0001249999995707185
            },
            {
              "id": "1312616660_0_3",
              "name": "100000 docs - Nothing",
              "rank": 5,
              "rme": 1.2386950645248656,
              "samples": [],
              "totalTime": 500.00009899892484,
              "min": 0.00008299999899463728,
              "max": 1.6211670000011509,
              "hz": 5305402.949541624,
              "period": 0.00018848709692944208,
              "mean": 0.00018848709692944208,
              "variance": 0.000003764162705504261,
              "sd": 0.001940145021771378,
              "sem": 0.0000011912144729240809,
              "df": 2652701,
              "critical": 1.96,
              "moe": 0.0000023347803669311986,
              "p75": 0.00020799999947485048,
              "p99": 0.00020900000163237564,
              "p995": 0.0003329999999550637,
              "p999": 0.0005000000001018634,
              "sampleCount": 2652702,
              "median": 0.00016700000014679972
            },
            {
              "id": "1312616660_0_4",
              "name": "10000 docs - Nothing",
              "rank": 3,
              "rme": 0.11753852868268612,
              "samples": [],
              "totalTime": 500.0000759989125,
              "min": 0.00004099999932805076,
              "max": 0.20424999999886495,
              "hz": 7258302.896753746,
              "period": 0.00013777325281468303,
              "mean": 0.00013777325281468303,
              "variance": 2.4773270221483955e-8,
              "sd": 0.00015739526746851048,
              "sem": 8.262074197788565e-8,
              "df": 3629151,
              "critical": 1.96,
              "moe": 1.6193665427665588e-7,
              "p75": 0.00016599999980826396,
              "p99": 0.00016700000014679972,
              "p995": 0.00016700000014679972,
              "p999": 0.0002500000009604264,
              "sampleCount": 3629152,
              "median": 0.0001250000004802132
            },
            {
              "id": "1312616660_0_5",
              "name": "1000 docs - Nothing",
              "rank": 1,
              "rme": 0.11311708160335543,
              "samples": [],
              "totalTime": 500.0000619999846,
              "min": 0,
              "max": 0.16075000000091677,
              "hz": 9124792.868525965,
              "period": 0.00010959152875122103,
              "mean": 0.00010959152875122103,
              "variance": 1.8251194126507042e-8,
              "sd": 0.00013509698044925742,
              "sem": 6.324833622851194e-8,
              "df": 4562396,
              "critical": 1.96,
              "moe": 1.239667390078834e-7,
              "p75": 0.0001250000004802132,