{
  "files": [
    {
      "filepath": "/Users/mikael/GitHub/lirbank/pimdb/pimdb/src/indexes/sorted.bench.ts",
      "groups": [
        {
          "fullName": "src/indexes/sorted.bench.ts > index.find vs array.filter on 100000 docs",
          "benchmarks": [
            {
              "id": "1312616660_0_0",
              "name": "array.filter",
              "rank": 2,
              "rme": 0.724816759384417,
              "samples": [],
              "totalTime": 500.09999999403954,
              "min": 0.5999999940395355,
              "max": 1.0999999940395355,
              "hz": 1433.7132573656181,
              "period": 0.6974895397406409,
              "mean": 0.6974895397406409,
              "variance": 0.004770224998324943,
              "sd": 0.06906681546390381,
              "sem": 0.0025793474892823465,
              "df": 716,
              "critical": 1.96,
              "moe": 0.005055521078993399,
              "p75": 0.7000000178813934,
              "p99": 0.9000000059604645,
              "p995": 1,
              "p999": 1.0999999940395355,
              "sampleCount": 717,
              "median": 0.699999988079071
            },
            {
              "id": "1312616660_0_1",
              "name": "index.find",
              "rank": 1,
              "rme": 3.081125771950386,
              "samples": [],
              "totalTime": 500.000000834465,
              "min": 0,
              "max": 3.5,
              "hz": 3566253.9940481717,
              "period": 0.0002804062755117639,
              "mean": 0.0002804062755117639,
              "variance": 0.000034646904944751086,
              "sd": 0.005886162157531093,
              "sem": 0.000004407994908652633,
              "df": 1783126,
              "critical": 1.96,
              "moe": 0.00000863967002095916,
              "p75": 0,
              "p99": 0,
              "p995": 0,
              "p999": 0.09999999403953552,
              "sampleCount": 1783127,
              "median": 0
            }
          ]
        }
      ]
    },
    {
      "filepath": "/Users/mikael/GitHub/lirbank/pimdb/pimdb/src/indexes/substring.bench.ts",
      "groups": [
        {
          "fullName": "src/indexes/substring.bench.ts > substring.search on 1000 docs",
          "benchmarks": [
            {
              "id": "1538759284_0_0",
              "name": "array.filter 1000",
              "rank": 2,
              "rme": 2.2444982668092166,
              "samples": [],
              "totalTime": 500.00000005960464,
              "min": 0,
              "max": 0.5,
              "hz": 21441.999997443916,
              "period": 0.04663744054282293,
              "mean": 0.04663744054282293,
              "variance": 0.0030579552016394046,
              "sd": 0.05529878119488173,
              "sem": 0.0005340696656468569,
              "df": 10720,
              "critical": 1.96,
              "moe": 0.0010467765446678396,
              "p75": 0.09999999403953552,
              "p99": 0.20000001788139343,
              "p995": 0.20000001788139343,
              "p999": 0.30000001192092896,
              "sampleCount": 10721,
              "median": 0
            },
            {
              "id": "1538759284_0_1",
              "name": "index.search 1000",
              "rank": 1,
              "rme": 2.805269799579755,
              "samples": [],
              "totalTime": 500.09999990463257,
              "min": 0,
              "max": 0.4000000059604645,
              "hz": 4278022.396336701,
              "period": 0.00023375286694532192,
              "mean": 0.00023375286694532192,
              "variance": 0.000023946989870129336,
              "sd": 0.004893566171017751,
              "sem": 0.0000033456115214637573,
              "df": 2139438,
              "critical": 1.96,
              "moe": 0.000006557398582068964,
              "p75": 0,
              "p99": 0,
              "p995": 0,
              "p999": 0.09999999403953552,
              "sampleCount": 2139439,
              "median": 0
            }
          ]
        },
        {
          "fullName": "src/indexes/substring.bench.ts > substring.search on 10000 docs",
          "benchmarks": [
            {
              "id": "1538759284_1_0",
              "name": "array.filter 10000",
              "rank": 2,
              "rme": 1.110450266766104,
              "samples": [],
              "totalTime": 500.09999999403954,
              "min": 0.29999998211860657,
              "max": 1.0999999940395355,
              "hz": 2001.5996800878434,
              "period": 0.4996003995944451,
              "mean": 0.4996003995944451,
              "variance": 0.008019840193213976,
              "sd": 0.08955356047201013,
              "sem": 0.0028305173316637944,
              "df": 1000,
              "critical": 1.96,
              "moe": 0.005547813970061037,
              "p75": 0.5,
              "p99": 0.800000011920929,
              "p995": 0.800000011920929,
              "p999": 0.9000000059604645,
              "sampleCount": 1001,
              "median": 0.5
            },
            {
              "id": "1538759284_1_1",
              "name": "index.search 10000",
              "rank": 1,
              "rme": 2.8565237482714325,
              "samples": [],
              "totalTime": 500.00000044703484,
              "min": 0,
              "max": 0.30000001192092896,
              "hz": 1193357.9989330547,
              "period": 0.0008379715063661279,
              "mean": 0.0008379715063661279,
              "variance": 0.00008899442298121799,
              "sd": 0.00943368554602166,
              "sem": 0.000012212681164845052,
              "df": 596678,
              "critical": 1.96,
              "moe": 0.000023936855083096302,
              "p75": 0,
              "p99": 0,
              "p995": 0.09999999403953552,
              "p999": 0.10000002384185791,
              "sampleCount": 596679,
              "median": 0
            }
          ]
        },
        {
          "fullName": "src/indexes/substring.bench.ts > substring.search on 100000 docs",
          "benchmarks": [
            {
              "id": "1538759284_2_0",
              "name": "array.filter 100000",
              "rank": 2,
              "rme": 0.8773058792395813,
              "samples": [],
              "totalTime": 501.60000002384186,
              "min": 4.9000000059604645,
              "max": 6,
              "hz": 187.4003189703589,
              "period": 5.336170213019594,
              "mean": 5.336170213019594,
              "variance": 0.052226035405939904,
              "sd": 0.2285301630112312,
              "sem": 0.023571086554076928,
              "df": 93,
              "critical": 1.9861,
              "moe": 0.046814535005052185,
              "p75": 5.5,
              "p99": 6,
              "p995": 6,
              "p999": 6,
              "sampleCount": 94,
              "median": 5.300000011920929
            },
            {
              "id": "1538759284_2_1",
              "name": "index.search 100000",
              "rank": 1,
              "rme": 2.7149306614640616,
              "samples": [],
              "totalTime": 500.0999999344349,
              "min": 0,
              "max": 0.30000001192092896,
              "hz": 151355.7288740725,
              "period": 0.006606951764818872,
              "mean": 0.006606951764818872,
              "variance": 0.0006339621543660842,
              "sd": 0.025178605091745736,
              "sem": 0.0000915174281893921,
              "df": 75692,
              "critical": 1.96,
              "moe": 0.00017937415925120851,
              "p75": 0,
              "p99": 0.10000002384185791,
              "p995": 0.10000002384185791,
              "p999": 0.10000002384185791,
              "sampleCount": 75693,
              "median": 0
            }
          ]
        }
      ]
    }
  ]
}