{
  "files": [
    {
      "filepath": "/Users/mikael/GitHub/lirbank/pimdb/pimdb/src/indexes/sorted.bench.ts",
      "groups": [
        {
          "fullName": "src/indexes/sorted.bench.ts > sorted.find on 1000 docs",
          "benchmarks": [
            {
              "id": "1312616660_0_0",
              "name": "array.filter 1000",
              "rank": 2,
              "rme": 2.6922267646881575,
              "samples": [],
              "totalTime": 500,
              "min": 0,
              "max": 0.19999998807907104,
              "hz": 172882,
              "period": 0.0057842921761664026,
              "mean": 0.0057842921761664026,
              "variance": 0.000545671609263771,
              "sd": 0.023359614921136244,
              "sem": 0.00007945217454822192,
              "df": 86440,
              "critical": 1.96,
              "moe": 0.00015572626211451495,
              "p75": 0,
              "p99": 0.10000002384185791,
              "p995": 0.10000002384185791,
              "p999": 0.10000002384185791,
              "sampleCount": 86441,
              "median": 0
            },
            {
              "id": "1312616660_0_1",
              "name": "sorted.find 1000",
              "rank": 1,
              "rme": 2.7691931599670836,
              "samples": [],
              "totalTime": 500.00000020861626,
              "min": 0,
              "max": 0.10000002384185791,
              "hz": 5201123.997829922,
              "period": 0.0001922661333237263,
              "mean": 0.0001922661333237263,
              "variance": 0.000019189654453409626,
              "sd": 0.004380599782382502,
              "sem": 0.000002716439088231542,
              "df": 2600561,
              "critical": 1.96,
              "moe": 0.000005324220612933822,
              "p75": 0,
              "p99": 0,
              "p995": 0,
              "p999": 0.09999999403953552,
              "sampleCount": 2600562,
              "median": 0
            }
          ]
        },
        {
          "fullName": "src/indexes/sorted.bench.ts > sorted.find on 10000 docs",
          "benchmarks": [
            {
              "id": "1312616660_1_0",
              "name": "array.filter 10000",
              "rank": 2,
              "rme": 2.019387102848198,
              "samples": [],
              "totalTime": 500.00000005960464,
              "min": 0,
              "max": 0.20000001788139343,
              "hz": 17285.99999793935,
              "period": 0.057850283473285274,
              "mean": 0.057850283473285274,
              "variance": 0.0030704533930747523,
              "sd": 0.05541167199313474,
              "sem": 0.0005960312058268599,
              "df": 8642,
              "critical": 1.96,
              "moe": 0.0011682211634206454,
              "p75": 0.09999999403953552,
              "p99": 0.20000001788139343,
              "p995": 0.20000001788139343,
              "p999": 0.20000001788139343,
              "sampleCount": 8643,
              "median": 0.09999999403953552
            },
            {
              "id": "1312616660_1_1",
              "name": "sorted.find 10000",
              "rank": 1,
              "rme": 2.769162200019492,
              "samples": [],
              "totalTime": 500.0000008046627,
              "min": 0,
              "max": 0.20000001788139343,
              "hz": 4264277.993137389,
              "period": 0.00023450628725644185,
              "mean": 0.00023450628725644185,
              "variance": 0.00002340502679502727,
              "sd": 0.004837874202067192,
              "sem": 0.000003313193603762508,
              "df": 2132138,
              "critical": 1.96,
              "moe": 0.000006493859463374515,
              "p75": 0,
              "p99": 0,
              "p995": 0,
              "p999": 0.09999999403953552,
              "sampleCount": 2132139,
              "median": 0
            }
          ]
        },
        {
          "fullName": "src/indexes/sorted.bench.ts > sorted.find on 100000 docs",
          "benchmarks": [
            {
              "id": "1312616660_2_0",
              "name": "array.filter 100000",
              "rank": 2,
              "rme": 0.8587770501266516,
              "samples": [],
              "totalTime": 627.4000000357628,
              "min": 0.5,
              "max": 1.100000023841858,
              "hz": 1593.8795026187415,
              "period": 0.6274000000357628,
              "mean": 0.6274000000357628,
              "variance": 0.007556796825860706,
              "sd": 0.08692983852429904,
              "sem": 0.0027489628636743545,
              "df": 999,
              "critical": 1.96,
              "moe": 0.005387967212801735,
              "p75": 0.699999988079071,
              "p99": 0.9000000059604645,
              "p995": 1,
              "p999": 1.100000023841858,
              "sampleCount": 1000,
              "median": 0.5999999940395355
            },
            {
              "id": "1312616660_2_1",
              "name": "sorted.find 100000",
              "rank": 1,
              "rme": 3.1339525561876345,
              "samples": [],
              "totalTime": 500.00000008940697,
              "min": 0,
              "max": 3.800000011920929,
              "hz": 3482411.9993772963,
              "period": 0.0002871572921810555,
              "mean": 0.0002871572921810555,
              "variance": 0.000036708154100163824,
              "sd": 0.00605872545178966,
              "sem": 0.000004591516989075195,
              "df": 1741205,
              "critical": 1.96,
              "moe": 0.000008999373298587383,
              "p75": 0,
              "p99": 0,
              "p995": 0,
              "p999": 0.09999999403953552,
              "sampleCount": 1741206,
              "median": 0
            }
          ]
        },
        {
          "fullName": "src/indexes/sorted.bench.ts > sorted.findInRange on 1000 docs",
          "benchmarks": [
            {
              "id": "1312616660_3_0",
              "name": "sorted.findInRange 1000",
              "rank": 1,
              "rme": 2.767966609958381,
              "samples": [],
              "totalTime": 500.09999945759773,
              "min": 0,
              "max": 0.10000002384185791,
              "hz": 3835364.9311743863,
              "period": 0.00026073138226609394,
              "mean": 0.00026073138226609394,
              "variance": 0.00002600517090264817,
              "sd": 0.005099526537105986,
              "sem": 0.000003682121225922667,
              "df": 1918065,
              "critical": 1.96,
              "moe": 0.0000072169576028084276,
              "p75": 0,
              "p99": 0,
              "p995": 0,
              "p999": 0.09999999403953552,
              "sampleCount": 1918066,
              "median": 0
            }
          ]
        },
        {
          "fullName": "src/indexes/sorted.bench.ts > sorted.findInRange on 10000 docs",
          "benchmarks": [
            {
              "id": "1312616660_4_0",
              "name": "sorted.findInRange 10000",
              "rank": 1,
              "rme": 2.7670892608238042,
              "samples": [],
              "totalTime": 500.0000002682209,
              "min": 0,
              "max": 0.10000002384185791,
              "hz": 2907847.9984401087,
              "period": 0.0003438969301478075,
              "mean": 0.0003438969301478075,
              "variance": 0.00003427145150636235,
              "sd": 0.005854182394353831,
              "sem": 0.0000048550688889911845,
              "df": 1453923,
              "critical": 1.96,
              "moe": 0.000009515935022422721,
              "p75": 0,
              "p99": 0,
              "p995": 0,
              "p999": 0.09999999403953552,
              "sampleCount": 1453924,