{
  "files": [
    {
      "filepath": "/Users/mikael/GitHub/lirbank/pimdb/pimdb/src/indexes/sorted.bench.ts",
      "groups": [
        {
          "fullName": "src/indexes/sorted.bench.ts > index.find vs array.filter on 100000 docs",
          "benchmarks": [
            {
              "id": "1312616660_2_0",
              "name": "array.filter",
              "rank": 2,
              "rme": 0.8756364375903899,
              "samples": [],
              "totalTime": 500.30000001192093,
              "min": 0.5999999940395355,
              "max": 1.2000000178813934,
              "hz": 1369.1784928716334,
              "period": 0.7303649635210524,
              "mean": 0.7303649635210524,
              "variance": 0.007292995447301423,
              "sd": 0.08539903657127183,
              "sem": 0.0032629294632571908,
              "df": 684,
              "critical": 1.96,
              "moe": 0.006395341747984094,
              "p75": 0.7999999821186066,
              "p99": 1.0999999940395355,
              "p995": 1.0999999940395355,
              "p999": 1.2000000178813934,
              "sampleCount": 685,
              "median": 0.7000000178813934
            },
            {
              "id": "1312616660_2_1",
              "name": "index.find",
              "rank": 1,
              "rme": 2.76929113189943,
              "samples": [],
              "totalTime": 500.0999997854233,
              "min": 0,
              "max": 0.19999998807907104,
              "hz": 3505876.8261393313,
              "period": 0.0002852353489843507,
              "mean": 0.0002852353489843507,
              "variance": 0.00002847641331712996,
              "sd": 0.005336329573511175,
              "sem": 0.0000040301006247275584,
              "df": 1753288,
              "critical": 1.96,
              "moe": 0.000007898997224466015,
              "p75": 0,
              "p99": 0,
              "p995": 0,
              "p999": 0.09999999403953552,
              "sampleCount": 1753289,
              "median": 0
            }
          ]
        }
      ]
    },
    {
      "filepath": "/Users/mikael/GitHub/lirbank/pimdb/pimdb/src/indexes/substring.bench.ts",
      "groups": [
        {
          "fullName": "src/indexes/substring.bench.ts > substring.search on 1000 docs",
          "benchmarks": [
            {
              "id": "1538759284_0_0",
              "name": "array.filter 1000",
              "rank": 2,
              "rme": 2.2748785926300643,
              "samples": [],
              "totalTime": 500.0999999642372,
              "min": 0,
              "max": 0.5,
              "hz": 21647.67046745487,
              "period": 0.046194346939242306,
              "mean": 0.046194346939242306,
              "variance": 0.003112074544990035,
              "sd": 0.055785970861768064,
              "sem": 0.0005361557701663698,
              "df": 10825,
              "critical": 1.96,
              "moe": 0.0010508653095260847,
              "p75": 0.09999999403953552,
              "p99": 0.19999998807907104,
              "p995": 0.20000001788139343,
              "p999": 0.3999999761581421,
              "sampleCount": 10826,
              "median": 0
            },
            {
              "id": "1538759284_0_1",
              "name": "index.search 1000",
              "rank": 1,
              "rme": 2.816228734424655,
              "samples": [],
              "totalTime": 500.0999996960163,
              "min": 0,
              "max": 0.4000000059604645,
              "hz": 4317602.482128536,
              "period": 0.00023161002063974397,
              "mean": 0.00023161002063974397,
              "variance": 0.000023913211641429083,
              "sd": 0.0048901136634468,
              "sem": 0.0000033278918127874203,
              "df": 2159232,
              "critical": 1.96,
              "moe": 0.000006522667953063344,
              "p75": 0,
              "p99": 0,
              "p995": 0,
              "p999": 0.09999999403953552,
              "sampleCount": 2159233,
              "median": 0
            }
          ]
        },
        {
          "fullName": "src/indexes/substring.bench.ts > substring.search on 10000 docs",
          "benchmarks": [
            {
              "id": "1538759284_1_0",
              "name": "array.filter 10000",
              "rank": 2,
              "rme": 1.190367646778829,
              "samples": [],
              "totalTime": 500.4000000357628,
              "min": 0.3999999761581421,
              "max": 1.0999999940395355,
              "hz": 1968.4252596514862,
              "period": 0.5080203046048353,
              "mean": 0.5080203046048353,
              "variance": 0.009376666248543272,
              "sd": 0.09683318774337274,
              "sem": 0.003085361910756743,
              "df": 984,
              "critical": 1.96,
              "moe": 0.006047309345083216,
              "p75": 0.5,
              "p99": 0.9000000059604645,
              "p995": 1,
              "p999": 1.0999999940395355,
              "sampleCount": 985,
              "median": 0.5
            },
            {
              "id": "1538759284_1_1",
              "name": "index.search 10000",
              "rank": 1,
              "rme": 2.916223934334192,
              "samples": [],
              "totalTime": 500.1000003218651,
              "min": 0,
              "max": 0.5,
              "hz": 1179276.1440120619,
              "period": 0.0008479778083171093,
              "mean": 0.0008479778083171093,
              "variance": 0.00009387953699537205,
              "sd": 0.009689145318105826,
              "sem": 0.000012616801940809212,
              "df": 589755,
              "critical": 1.96,
              "moe": 0.000024728931803986056,
              "p75": 0,
              "p99": 0,
              "p995": 0.09999999403953552,
              "p999": 0.10000002384185791,
              "sampleCount": 589756,
              "median": 0
            }
          ]
        },
        {
          "fullName": "src/indexes/substring.bench.ts > substring.search on 100000 docs",
          "benchmarks": [
            {
              "id": "1538759284_2_0",
              "name": "array.filter 100000",
              "rank": 2,
              "rme": 0.9967275849067531,
              "samples": [],
              "totalTime": 504.7999999821186,
              "min": 4.9000000059604645,
              "max": 6.0999999940395355,
              "hz": 188.19334390524003,
              "period": 5.31368421033809,
              "mean": 5.31368421033809,
              "variance": 0.06757670778269743,
              "sd": 0.2599552034153143,
              "sem": 0.026670841121600522,
              "df": 94,
              "critical": 1.9858,
              "moe": 0.05296295629927432,
              "p75": 5.4000000059604645,
              "p99": 6.0999999940395355,
              "p995": 6.0999999940395355,
              "p999": 6.0999999940395355,
              "sampleCount": 95,
              "median": 5.299999982118607
            },
            {
              "id": "1538759284_2_1",
              "name": "index.search 100000",
              "rank": 1,
              "rme": 2.715276545769526,
              "samples": [],
              "totalTime": 500.0000001192093,
              "min": 0,
              "max": 0.4000000059604645,
              "hz": 152387.99996366788,
              "period": 0.006562196499976498,
              "mean": 0.006562196499976498,
              "variance": 0.0006297022267914692,
              "sd": 0.025093868310634555,
              "sem": 0.00009090907267916867,
              "df": 76193,
              "critical": 1.96,
              "moe": 0.00017818178245117058,
              "p75": 0,
              "p99": 0.10000002384185791,
              "p995": 0.10000002384185791,
              "p999": 0.10000002384185791,
              "sampleCount": 76194,